{"cameraMode":{"drawMode":0,"name":"Shaded","section":"Shading Mode"},"sceneLighting":false,"audioPlay":false,"sceneViewState":{"showFog":true,"showMaterialUpdate":false,"showSkybox":false,"showFlares":true,"showImageEffects":true,"showParticleSystems":true},"in2DMode":false,"pivot":{"x":0.06319443881511688,"y":0.1300329566001892,"z":1.816040277481079},"rotation":{"x":0.07247625291347504,"y":0.7150376439094544,"z":-0.07488907873630524,"w":0.6914171576499939},"size":1.1122033596038819,"orthographic":true}