{"cameraMode":{"drawMode":0,"name":"Shaded","section":"Shading Mode"},"sceneLighting":false,"audioPlay":false,"sceneViewState":{"showFog":true,"showMaterialUpdate":false,"showSkybox":false,"showFlares":true,"showImageEffects":true,"showParticleSystems":true},"in2DMode":false,"pivot":{"x":1.7881393432617188e-7,"y":3.167344331741333,"z":-0.0738823413848877},"rotation":{"x":-0.06209757179021835,"y":0.23375453054904939,"z":-0.014894610270857811,"w":-0.9702415466308594},"size":6.321564197540283,"orthographic":true}