{"cameraMode":{"drawMode":0,"name":"Shaded","section":"Shading Mode"},"sceneLighting":false,"audioPlay":false,"sceneViewState":{"showFog":true,"showMaterialUpdate":false,"showSkybox":false,"showFlares":true,"showImageEffects":true,"showParticleSystems":true},"in2DMode":false,"pivot":{"x":16.017210006713868,"y":5.43327522277832,"z":0.14175164699554444},"rotation":{"x":-0.20904365181922913,"y":0.05220412090420723,"z":-0.011160528287291527,"w":-0.976463258266449},"size":7.756794452667236,"orthographic":true}