{"cameraMode":{"drawMode":0,"name":"Shaded","section":"Shading Mode"},"sceneLighting":false,"audioPlay":false,"sceneViewState":{"showFog":true,"showMaterialUpdate":false,"showSkybox":false,"showFlares":true,"showImageEffects":true,"showParticleSystems":true},"in2DMode":false,"pivot":{"x":14.363388061523438,"y":5.43327522277832,"z":-0.8663995265960693},"rotation":{"x":-0.13148318231105805,"y":-0.3102181553840637,"z":0.043388787657022479,"w":-0.9405699968338013},"size":2.247720241546631,"orthographic":true}