{"cameraMode":{"drawMode":0,"name":"Shaded","section":"Shading Mode"},"sceneLighting":false,"audioPlay":false,"sceneViewState":{"showFog":true,"showMaterialUpdate":false,"showSkybox":false,"showFlares":true,"showImageEffects":true,"showParticleSystems":true},"in2DMode":false,"pivot":{"x":0.1483149528503418,"y":2.1255249977111818,"z":-4.76837158203125e-7},"rotation":{"x":0.09917104989290238,"y":0.10545618087053299,"z":-0.010603957809507847,"w":0.9894430041313171},"size":12.628076553344727,"orthographic":true}